-- storesテーブル
INSERT IGNORE INTO stores (id, name, image_name, description, price_min, price_max, capacity, opening_time, closing_time, postal_code, address, phone_number, regular_holiday) 
VALUES (1, '和の膳 さくら', 'store01.jpg', '和食や日本料理を提供するお店です。', 6000, 12000, 15, '09:00:00', '18:00:00', '073-0145', '北海道砂川市西五条南X-XX-XX', '012-345-678', '火曜日');
INSERT IGNORE INTO stores (id, name, image_name, description, price_min, price_max, capacity, opening_time, closing_time, postal_code, address, phone_number, regular_holiday) 
VALUES (2, 'フレンチビストロ ル・ボン', 'store02.jpg', 'フランス料理を提供するビストロ風のお店です。', 7000, 14000, 20, '08:00:00', '20:00:00', '030-0945', '青森県青森市桜川X-XX-XX', '012-345-678', '水曜日');
INSERT IGNORE INTO stores (id, name, image_name, description, price_min, price_max, capacity, opening_time, closing_time, postal_code, address, phone_number, regular_holiday) 
VALUES (3, '炭火焼肉 たまや', 'store03.jpg', '焼肉店です。', 8000, 16000, 30, '10:00:00', '22:00:00', '029-5618', '岩手県和賀郡西和賀町沢内両沢X-XX-XX', '012-345-678', '木曜日');
INSERT IGNORE INTO stores (id, name, image_name, description, price_min, price_max, capacity, opening_time, closing_time, postal_code, address, phone_number, regular_holiday) 
VALUES (4, 'イタリアン トラットリア ピエモンテ', 'store04.jpg', 'イタリア料理を提供するトラットリアです。', 9000, 18000, 25, '07:00:00', '21:00:00', '989-0555', '宮城県刈田郡七ヶ宿町滝ノ上X-XX-XX', '012-345-678', '金曜日');
INSERT IGNORE INTO stores (id, name, image_name, description, price_min, price_max, capacity, opening_time, closing_time, postal_code, address, phone_number, regular_holiday) 
VALUES (5, 'カフェ＆バー 月のひかり', 'store05.jpg', 'カフェやバーにふさわしいお店です。', 10000, 20000, 21, '06:00:00', '19:00:00', '018-2661', '秋田県山本郡八峰町八森浜田X-XX-XX', '012-345-678', '土曜日');
INSERT IGNORE INTO stores (id, name, image_name, description, price_min, price_max, capacity, opening_time, closing_time, postal_code, address, phone_number, regular_holiday) 
VALUES (6, '寿司ダイニング さざなみ', 'store06.jpg', '寿司を提供するダイニングです。', 6000, 12000, 18, '11:00:00', '20:00:00', '999-6708', '山形県酒田市泉興野X-XX-XX', '012-345-678', '日曜日');
INSERT IGNORE INTO stores (id, name, image_name, description, price_min, price_max, capacity, opening_time, closing_time, postal_code, address, phone_number, regular_holiday) 
VALUES (7, 'エスニックダイナー サンライズ', 'store07.jpg', 'エスニック料理を提供するダイナーです。', 7000, 14000, 23, '09:00:00', '18:00:00', '969-5147', '福島県会津若松市大戸町芦牧X-XX-XX', '012-345-678', '月曜日');
INSERT IGNORE INTO stores (id, name, image_name, description, price_min, price_max, capacity, opening_time, closing_time, postal_code, address, phone_number, regular_holiday) 
VALUES (8, '洋食キッチン ひまわり', 'store08.jpg', '洋食を提供するレストランです。', 8000, 16000, 25, '08:00:00', '22:00:00', '310-0021', '茨城県水戸市南町X-XX-XX', '012-345-678', '火曜日');
INSERT IGNORE INTO stores (id, name, image_name, description, price_min, price_max, capacity, opening_time, closing_time, postal_code, address, phone_number, regular_holiday) 
VALUES (9, 'ベジタブルキッチン グリーンリーフ', 'store09.jpg', 'ベジタリアンやビーガン向けの料理を提供するお店です。', 9000, 18000, 28, '07:00:00', '21:00:00', '323-1101', '栃木県下都賀郡藤岡町大前X-XX-XX', '012-345-678', '水曜日');
INSERT IGNORE INTO stores (id, name, image_name, description, price_min, price_max, capacity, opening_time, closing_time, postal_code, address, phone_number, regular_holiday) 
VALUES (10, 'カジュアルレストラン 星の灯', 'store10.jpg', 'カジュアルな雰囲気のレストランです。', 10000, 20000, 16, '06:00:00', '19:00:00', '370-0806', '群馬県高崎市上和田町X-XX-XX', '012-345-678', '木曜日');
INSERT IGNORE INTO stores (id, name, image_name, description, price_min, price_max, capacity, opening_time, closing_time, postal_code, address, phone_number, regular_holiday) 
VALUES (11, '和風ビストロ 鶴の舞', 'store11.jpg', '和風料理を提供するビストロです。', 8000, 15000, 26, '10:00:00', '22:00:00', '100-0001', '東京都千代田区千代田X-XX-XX', '012-345-679', '金曜日');
INSERT IGNORE INTO stores (id, name, image_name, description, price_min, price_max, capacity, opening_time, closing_time, postal_code, address, phone_number, regular_holiday) 
VALUES (12, '海鮮居酒屋 海の幸', 'store12.jpg', '新鮮な海鮮料理を提供する居酒屋です。', 7000, 13000, 30, '11:00:00', '23:00:00', '060-0042', '北海道札幌市中央区大通西X-XX-XX', '012-345-680', '日曜日');
INSERT IGNORE INTO stores (id, name, image_name, description, price_min, price_max, capacity, opening_time, closing_time, postal_code, address, phone_number, regular_holiday) 
VALUES (13, '焼鳥専門店 炎の舞', 'store13.jpg', '焼鳥を専門に提供するお店です。', 6000, 12000, 30, '12:00:00', '21:00:00', '530-0017', '大阪府大阪市北区角田町X-XX-XX', '012-345-681', '月曜日');
INSERT IGNORE INTO stores (id, name, image_name, description, price_min, price_max, capacity, opening_time, closing_time, postal_code, address, phone_number, regular_holiday) 
VALUES (14, 'ベーカリーカフェ グッドモーニング', 'store14.jpg', '焼きたてパンとカフェを提供するお店です。', 4000, 10000, 15, '07:00:00', '18:00:00', '220-0012', '神奈川県横浜市西区みなとみらいX-XX-XX', '012-345-682', '火曜日');
INSERT IGNORE INTO stores (id, name, image_name, description, price_min, price_max, capacity, opening_time, closing_time, postal_code, address, phone_number, regular_holiday) 
VALUES (15, 'イタリアン バジル', 'store15.jpg', '新鮮な素材を使ったイタリア料理を提供するお店です。', 9000, 18000, 22, '08:00:00', '21:00:00', '160-0022', '東京都新宿区新宿X-XX-XX', '012-345-683', '水曜日');
INSERT IGNORE INTO stores (id, name, image_name, description, price_min, price_max, capacity, opening_time, closing_time, postal_code, address, phone_number, regular_holiday) 
VALUES (16, 'カフェ＆ベーカリー こもれび', 'store16.jpg', '手作りパンとコーヒーを楽しめるカフェです。', 5000, 12000, 23, '07:00:00', '17:00:00', '730-0051', '広島県広島市中区大手町X-XX-XX', '012-345-684', '木曜日');
INSERT IGNORE INTO stores (id, name, image_name, description, price_min, price_max, capacity, opening_time, closing_time, postal_code, address, phone_number, regular_holiday) 
VALUES (17, 'ビストロ ドリーム', 'store17.jpg', 'カジュアルなビストロスタイルのレストランです。', 7000, 14000, 27, '09:00:00', '19:00:00', '530-0047', '大阪府大阪市北区西天満X-XX-XX', '012-345-685', '金曜日');
INSERT IGNORE INTO stores (id, name, image_name, description, price_min, price_max, capacity, opening_time, closing_time, postal_code, address, phone_number, regular_holiday) 
VALUES (18, '寿司バー 波の音', 'store18.jpg', '新鮮な寿司を提供するバーです。', 8000, 17000, 13, '11:00:00', '23:00:00', '900-0033', '沖縄県那覇市久米X-XX-XX', '012-345-686', '土曜日');
INSERT IGNORE INTO stores (id, name, image_name, description, price_min, price_max, capacity, opening_time, closing_time, postal_code, address, phone_number, regular_holiday) 
VALUES (19, '炭火焼肉 あかり', 'store19.jpg', '炭火焼肉を楽しめるお店です。', 6000, 15000, 30, '12:00:00', '22:00:00', '810-0001', '福岡県福岡市中央区天神X-XX-XX', '012-345-687', '日曜日');
INSERT IGNORE INTO stores (id, name, image_name, description, price_min, price_max, capacity, opening_time, closing_time, postal_code, address, phone_number, regular_holiday) 
VALUES (20, '和食ダイニング あかり', 'store20.jpg', '和食を中心としたダイニングです。', 7000, 13000, 24, '11:00:00', '20:00:00', '560-0021', '大阪府豊中市服部本町X-XX-XX', '012-345-688', '月曜日');
INSERT IGNORE INTO stores (id, name, image_name, description, price_min, price_max, capacity, opening_time, closing_time, postal_code, address, phone_number, regular_holiday) 
VALUES (21, 'フレンチレストラン ボンジュール', 'store21.jpg', '本格的なフレンチ料理を提供するレストランです。', 8000, 16000, 20, '10:00:00', '21:00:00', '110-0015', '東京都台東区東上野X-XX-XX', '012-345-689', '火曜日');
INSERT IGNORE INTO stores (id, name, image_name, description, price_min, price_max, capacity, opening_time, closing_time, postal_code, address, phone_number, regular_holiday) 
VALUES (22, 'カフェ＆パティスリー アムール', 'store22.jpg', '手作りスイーツとコーヒーを楽しめるカフェです。', 6000, 12000, 18, '08:00:00', '18:00:00', '920-0964', '石川県金沢市本町X-XX-XX', '012-345-690', '水曜日');
INSERT IGNORE INTO stores (id, name, image_name, description, price_min, price_max, capacity, opening_time, closing_time, postal_code, address, phone_number, regular_holiday) 
VALUES (23, '焼肉レストラン 煌', 'store23.jpg', '高級焼肉を楽しめるレストランです。', 9000, 19000, 10, '12:00:00', '22:00:00', '640-8341', '和歌山県和歌山市友田町X-XX-XX', '012-345-691', '木曜日');
INSERT IGNORE INTO stores (id, name, image_name, description, price_min, price_max, capacity, opening_time, closing_time, postal_code, address, phone_number, regular_holiday) 
VALUES (24, '和風レストラン 桜花', 'store24.jpg', '和風料理を提供するレストランです。', 7000, 14000, 19, '11:00:00', '20:00:00', '700-0901', '岡山県岡山市北区本町X-XX-XX', '012-345-692', '金曜日');
INSERT IGNORE INTO stores (id, name, image_name, description, price_min, price_max, capacity, opening_time, closing_time, postal_code, address, phone_number, regular_holiday) 
VALUES (25, '海鮮ダイニング 海の幸', 'store25.jpg', '新鮮な海鮮料理を提供するダイニングです。', 8000, 16000, 20, '10:00:00', '22:00:00', '310-0012', '茨城県水戸市梅香X-XX-XX', '012-345-693', '土曜日');
INSERT IGNORE INTO stores (id, name, image_name, description, price_min, price_max, capacity, opening_time, closing_time, postal_code, address, phone_number, regular_holiday) 
VALUES (26, 'カフェ＆ダイニング 風の谷', 'store26.jpg', 'カフェとダイニングを兼ねたお店です。', 6000, 12000, 16, '08:00:00', '18:00:00', '910-0854', '福井県福井市東藤島町X-XX-XX', '012-345-694', '日曜日');
INSERT IGNORE INTO stores (id, name, image_name, description, price_min, price_max, capacity, opening_time, closing_time, postal_code, address, phone_number, regular_holiday) 
VALUES (27, '洋食ダイニング アトリエ', 'store27.jpg', '洋食を中心としたダイニングです。', 7000, 13000, 13, '11:00:00', '20:00:00', '150-0013', '東京都渋谷区恵比寿X-XX-XX', '012-345-695', '月曜日');
INSERT IGNORE INTO stores (id, name, image_name, description, price_min, price_max, capacity, opening_time, closing_time, postal_code, address, phone_number, regular_holiday) 
VALUES (28, 'イタリアン トスカーナ', 'store28.jpg', 'トスカーナ地方の料理を提供するお店です。', 9000, 17000, 11, '09:00:00', '19:00:00', '450-0003', '愛知県名古屋市中村区名駅X-XX-XX', '012-345-696', '火曜日');
INSERT IGNORE INTO stores (id, name, image_name, description, price_min, price_max, capacity, opening_time, closing_time, postal_code, address, phone_number, regular_holiday) 
VALUES (29, '寿司ダイニング 海の声', 'store29.jpg', '新鮮な寿司を提供するダイニングです。', 8000, 15000, 13, '10:00:00', '21:00:00', '060-0051', '北海道札幌市中央区南一条東X-XX-XX', '012-345-697', '水曜日');
INSERT IGNORE INTO stores (id, name, image_name, description, price_min, price_max, capacity, opening_time, closing_time, postal_code, address, phone_number, regular_holiday) 
VALUES (30, 'カフェ＆ダイニング 風のささやき', 'store30.jpg', '自然豊かなカフェとダイニングです。', 6000, 11000, 20, '08:00:00', '17:00:00', '910-0823', '福井県福井市北四ツ居X-XX-XX', '012-345-698', '木曜日');

-- rolesテーブル
INSERT IGNORE INTO roles (id, name) VALUES (1, 'ROLE_GENERAL');
INSERT IGNORE INTO roles (id, name) VALUES (2, 'ROLE_ADMIN');

-- usersテーブル
INSERT IGNORE INTO users (id, name, furigana, postal_code, address, phone_number, email, password, role_id, enabled, stripe_customer_id) VALUES (1, '侍 太郎', 'サムライ タロウ', '101-0022', '東京都千代田区神田練塀町300番地', '090-1234-5678', 'taro.samurai@example.com', '$2a$10$2JNjTwZBwo7fprL2X4sv.OEKqxnVtsVQvuXDkI8xVGix.U3W5B7CO', 1, true, 1);
INSERT IGNORE INTO users (id, name, furigana, postal_code, address, phone_number, email, password, role_id, enabled, stripe_customer_id) VALUES (2, '侍 花子', 'サムライ ハナコ', '101-0022', '東京都千代田区神田練塀町300番地', '090-1234-5678', 'hanako.samurai@example.com', '$2a$10$2JNjTwZBwo7fprL2X4sv.OEKqxnVtsVQvuXDkI8xVGix.U3W5B7CO', 2, true, 2);
INSERT IGNORE INTO users (id, name, furigana, postal_code, address, phone_number, email, password, role_id, enabled, stripe_customer_id) VALUES (3, '侍 義勝', 'サムライ ヨシカツ', '638-0644', '奈良県五條市西吉野町湯川X-XX-XX', '090-1234-5678', 'yoshikatsu.samurai@example.com', 'password', 1, false, 3);
INSERT IGNORE INTO users (id, name, furigana, postal_code, address, phone_number, email, password, role_id, enabled, stripe_customer_id) VALUES (4, '侍 幸美', 'サムライ サチミ', '342-0006', '埼玉県吉川市南広島X-XX-XX', '090-1234-5678', 'sachimi.samurai@example.com', 'password', 1, false, 4);
INSERT IGNORE INTO users (id, name, furigana, postal_code, address, phone_number, email, password, role_id, enabled, stripe_customer_id) VALUES (5, '侍 雅', 'サムライ ミヤビ', '527-0209', '滋賀県東近江市佐目町X-XX-XX', '090-1234-5678', 'miyabi.samurai@example.com', 'password', 1, false, 5);
INSERT IGNORE INTO users (id, name, furigana, postal_code, address, phone_number, email, password, role_id, enabled, stripe_customer_id) VALUES (6, '侍 正保', 'サムライ マサヤス', '989-1203', '宮城県柴田郡大河原町旭町X-XX-XX', '090-1234-5678', 'masayasu.samurai@example.com', 'password', 1, false, 6);
INSERT IGNORE INTO users (id, name, furigana, postal_code, address, phone_number, email, password, role_id, enabled, stripe_customer_id) VALUES (7, '侍 真由美', 'サムライ マユミ', '951-8015', '新潟県新潟市松岡町X-XX-XX', '090-1234-5678', 'mayumi.samurai@example.com', 'password', 1, false, 7);
INSERT IGNORE INTO users (id, name, furigana, postal_code, address, phone_number, email, password, role_id, enabled, stripe_customer_id) VALUES (8, '侍 安民', 'サムライ ヤスタミ', '241-0033', '神奈川県横浜市旭区今川町X-XX-XX', '090-1234-5678', 'yasutami.samurai@example.com', 'password', 1, false, 8);
INSERT IGNORE INTO users (id, name, furigana, postal_code, address, phone_number, email, password, role_id, enabled, stripe_customer_id) VALUES (9, '侍 章緒', 'サムライ アキオ', '739-2103', '広島県東広島市高屋町宮領X-XX-XX', '090-1234-5678', 'akio.samurai@example.com', 'password', 1, false, 9);
INSERT IGNORE INTO users (id, name, furigana, postal_code, address, phone_number, email, password, role_id, enabled, stripe_customer_id) VALUES (10, '侍 祐子', 'サムライ ユウコ', '601-0761', '京都府南丹市美山町高野X-XX-XX', '090-1234-5678', 'yuko.samurai@example.com', 'password', 1, false, 10);
INSERT IGNORE INTO users (id, name, furigana, postal_code, address, phone_number, email, password, role_id, enabled, stripe_customer_id) VALUES (11, '侍 秋美', 'サムライ アキミ', '606-8235', '京都府京都市左京区田中西春菜町X-XX-XX', '090-1234-5678', 'akimi.samurai@example.com', 'password', 1, false, 11);
INSERT IGNORE INTO users (id, name, furigana, postal_code, address, phone_number, email, password, role_id, enabled, stripe_customer_id) VALUES (12, '侍 信平', 'サムライ シンペイ', '673-1324', '兵庫県加東市新定X-XX-XX', '090-1234-5678', 'shinpei.samurai@example.com', 'password', 1, false, 12);

-- reservationsテーブル
INSERT IGNORE INTO reservations (id, store_id, user_id, number_of_people, reservation_date) VALUES (1, 1, 1, 2, '2024-08-01');
INSERT IGNORE INTO reservations (id, store_id, user_id, number_of_people, reservation_date) VALUES (2, 2, 1, 3, '2024-08-03');
INSERT IGNORE INTO reservations (id, store_id, user_id, number_of_people, reservation_date) VALUES (3, 3, 1, 4, '2024-08-05');
INSERT IGNORE INTO reservations (id, store_id, user_id, number_of_people, reservation_date) VALUES (4, 4, 1, 5, '2024-08-07');
INSERT IGNORE INTO reservations (id, store_id, user_id, number_of_people, reservation_date) VALUES (5, 5, 1, 6, '2024-08-08');
INSERT IGNORE INTO reservations (id, store_id, user_id, number_of_people, reservation_date) VALUES (6, 6, 1, 2, '2024-08-10');
INSERT IGNORE INTO reservations (id, store_id, user_id, number_of_people, reservation_date) VALUES (7, 7, 1, 3, '2024-08-12');
INSERT IGNORE INTO reservations (id, store_id, user_id, number_of_people, reservation_date) VALUES (8, 8, 1, 4, '2024-08-13');
INSERT IGNORE INTO reservations (id, store_id, user_id, number_of_people, reservation_date) VALUES (9, 9, 1, 5, '2024-08-15');
INSERT IGNORE INTO reservations (id, store_id, user_id, number_of_people, reservation_date) VALUES (10, 10, 1, 6, '2024-08-17');
INSERT IGNORE INTO reservations (id, store_id, user_id, number_of_people, reservation_date) VALUES (11, 11, 1, 2, '2024-08-18');


-- reviewsテーブル
INSERT IGNORE INTO reviews (id, store_id, user_id, comment, rating) VALUES (1, 1, 1, "素晴らしいメニューでした", 5);
INSERT IGNORE INTO reviews (id, store_id, user_id, comment, rating) VALUES (2, 2, 2, "癖になる味でした", 4);

-- categoriesテーブル
INSERT IGNORE INTO categories (id, name) VALUES
(1, '居酒屋'),
(2, '焼肉'),
(3, '寿司'),
(4, 'ラーメン'),
(5, '定食'),
(6, 'カレー'),
(7, '喫茶店'),
(8, '中華料理'),
(9, 'イタリア料理'),
(10, 'フランス料理'),
(11, 'スペイン料理'),
(12, '韓国料理'),
(13, 'タイ料理'),
(14, '海鮮料理'),
(15, 'ステーキ'),
(16, 'ハンバーグ'),
(17, 'ハンバーガー'),
(18, 'そば'),
(19, 'うどん'),
(20, 'お好み焼き'),
(21, 'たこ焼き'),
(22, '鍋料理'),
(23, 'バー'),
(24, 'パン'),
(25, 'スイーツ'),
(26, '和食'),
(27, 'おでん'),
(28, '焼き鳥'),
(29, 'すき焼き'),
(30, 'しゃぶしゃぶ'),
(31, '天ぷら'),
(32, '揚げ物'),
(33, '丼物'),
(34, '鉄板焼き');

-- category_storeテーブル
INSERT IGNORE INTO category_store (id, store_id, category_id) VALUES
(1,1,17),
(2,2,2),
(3,3,26),
(4,3,19),
(5,4,4),
(6,5,2),
(7,6,2),
(8,7,26),
(9,8,17),
(10,9,2),
(11,10,28),
(12,11,2),
(13,12,15),
(14,13,26),
(15,13,18),
(16,13,19),
(17,14,2),
(18,15,26),
(19,15,33);

